qid,score
5705e26d75f01819005e76d4,1
5705e26d75f01819005e76d5,1
5705e26d75f01819005e76d6,1
5705e26d75f01819005e76d7,1
5705e26d75f01819005e76d8,0
5ad0178577cf76001a68698a,1
5ad0178577cf76001a68698b,0
5ad0178577cf76001a68698c,1
5705e33f52bb89140068964c,1
5705e33f52bb89140068964d,1
5705e33f52bb89140068964e,1
5705e33f52bb89140068964f,0
5705e33f52bb891400689650,1
5ad0185a77cf76001a6869b8,1
5ad0185a77cf76001a6869b9,1
5ad0185a77cf76001a6869ba,1
5705e3f252bb89140068966a,0
5705e3f252bb89140068966b,1
5705e3f252bb89140068966c,0
5705e3f252bb89140068966d,0
5705e3f252bb89140068966e,1
5ad01a6277cf76001a686a0c,0
5ad01a6277cf76001a686a0d,1
5ad01a6277cf76001a686a0e,1
5ad01a6277cf76001a686a0f,1
5705e4fe75f01819005e7704,1
5705e4fe75f01819005e7705,1
5705e4fe75f01819005e7706,1
5705e4fe75f01819005e7707,1
5ad01c8877cf76001a686a64,1
5ad01c8877cf76001a686a65,0
5ad01c8877cf76001a686a66,0
5705e63175f01819005e7720,1
5705e63175f01819005e7721,1
5705e63175f01819005e7722,1
5705e63175f01819005e7723,1
5705e63175f01819005e7724,1
5ad01e4677cf76001a686aa6,0
5ad01e4677cf76001a686aa7,1
5ad01e4677cf76001a686aa8,1
5ad01e4677cf76001a686aa9,1
5705e99452bb891400689688,0
5705e99452bb891400689689,0
5705e99452bb89140068968a,1
5705e99452bb89140068968b,0
5705e99452bb89140068968c,0
5ad01f0f77cf76001a686ac2,1
5ad01f0f77cf76001a686ac3,0
5ad01f0f77cf76001a686ac4,1
5705eb3375f01819005e7764,1
5705eb3375f01819005e7765,1
5705eb3375f01819005e7766,1
5705eb3375f01819005e7767,1
5705eb3375f01819005e7768,1
5ad0206677cf76001a686afa,1
5ad0206677cf76001a686afb,0
5ad0206677cf76001a686afc,1
5ad0206677cf76001a686afd,0
5705ec1675f01819005e776e,1
5705ec1675f01819005e776f,1
5705ec1675f01819005e7770,1
5705ec1675f01819005e7771,0
5705ec1675f01819005e7772,1
5ad0220a77cf76001a686b2a,0
5ad0220a77cf76001a686b2b,0
5ad0220a77cf76001a686b2c,1
5ad0220a77cf76001a686b2d,1
5ad0220a77cf76001a686b2e,1
5705eccb52bb8914006896b8,1
5705eccb52bb8914006896b9,0
5705eccb52bb8914006896ba,0
5705eccb52bb8914006896bb,1
5ad0228a77cf76001a686b58,1
5ad0228a77cf76001a686b59,1
5ad0228a77cf76001a686b5a,1
5705edcd52bb8914006896ca,1
5705edcd52bb8914006896cb,1
5705edcd52bb8914006896cc,1
5705edcd52bb8914006896cd,1
5705edcd52bb8914006896ce,1
5ad0297e77cf76001a686c3a,1
5ad0297e77cf76001a686c3b,1
5ad0297e77cf76001a686c3c,1
5ad0297e77cf76001a686c3d,1
5705eee952bb8914006896de,1
5705eee952bb8914006896df,1
5705eee952bb8914006896e0,1
5705eee952bb8914006896e1,1
5705eee952bb8914006896e2,1
5ad02cde77cf76001a686cc6,1
5ad02cde77cf76001a686cc7,1
5ad02cde77cf76001a686cc8,1
5ad02cde77cf76001a686cc9,1
5705f09e75f01819005e77a4,1
5705f09e75f01819005e77a5,1
5705f09e75f01819005e77a6,1
5705f09e75f01819005e77a7,1
5705f09e75f01819005e77a8,1
5ad02e5d77cf76001a686d3a,1
5ad02e5d77cf76001a686d3b,1
5ad02e5d77cf76001a686d3c,1
5ad02e5d77cf76001a686d3d,1
5ad02e5d77cf76001a686d3e,1
5705f13d52bb8914006896f0,1
5705f13d52bb8914006896f1,1
5705f13d52bb8914006896f2,0
5705f13d52bb8914006896f3,1
5705f13d52bb8914006896f4,1
5ad02ee077cf76001a686d58,1
5ad02ee077cf76001a686d59,1
5ad02ee077cf76001a686d5a,1
5705f36452bb891400689718,1
5705f36452bb891400689719,1
5705f36452bb89140068971a,1
5705f36452bb89140068971b,1
5705f36452bb89140068971c,0
5ad02ff177cf76001a686da2,1
5ad02ff177cf76001a686da3,0
5ad02ff177cf76001a686da4,1
5ad02ff177cf76001a686da5,1
5705f7c875f01819005e77dc,1
5705f7c875f01819005e77dd,1
5705f7c875f01819005e77de,1
5705f7c875f01819005e77df,1
5705f7c875f01819005e77e0,1
5ad0316a77cf76001a686de4,1
5ad0316a77cf76001a686de5,1
5ad0316a77cf76001a686de6,1
5705fb7f52bb891400689750,1
5705fb7f52bb891400689751,1
5705fb7f52bb891400689752,0
5705fb7f52bb891400689753,1
5705fb7f52bb891400689754,1
5ad0331877cf76001a686e16,1
5ad0331877cf76001a686e17,0
5ad0331877cf76001a686e18,1
5ad0331877cf76001a686e19,1
5705fc3a52bb89140068976a,1
5705fc3a52bb89140068976b,1
5705fc3a52bb89140068976c,0
5705fc3a52bb89140068976d,0
5705fc3a52bb89140068976e,0
5ad0381a77cf76001a686e30,0
5ad0381a77cf76001a686e31,1
5ad0381a77cf76001a686e32,1
5ad0381a77cf76001a686e33,1
5705fd8475f01819005e7840,0
5705fd8475f01819005e7841,1
5705fd8475f01819005e7842,0
5705fd8475f01819005e7843,0
5705fd8475f01819005e7844,1
5ad0394877cf76001a686e56,1
5ad0394877cf76001a686e57,1
5ad0394877cf76001a686e58,1
5ad0394877cf76001a686e59,0
5705fec152bb89140068977a,1
5705fec152bb89140068977b,1
5705fec152bb89140068977c,1
5705fec152bb89140068977d,1
5705fec152bb89140068977e,1
5ad03c7377cf76001a686ebc,1
5ad03c7377cf76001a686ebd,1
5ad03c7377cf76001a686ebe,1
5ad03c7377cf76001a686ebf,1
5705ffde52bb891400689784,1
5705ffde52bb891400689785,1
5705ffde52bb891400689786,1
5705ffde52bb891400689787,1
5705ffde52bb891400689788,1
5ad03d2277cf76001a686ecc,1
5ad03d2277cf76001a686ecd,1
5ad03d2277cf76001a686ece,1
5ad03d2277cf76001a686ecf,1
570602fa52bb89140068979e,0
570602fa52bb89140068979f,1
570602fa52bb8914006897a0,1
5ad0410977cf76001a686efe,0
5ad0410977cf76001a686eff,1
5ad0410977cf76001a686f00,1
570603c475f01819005e7882,1
570603c475f01819005e7883,1
570603c475f01819005e7884,1
570603c475f01819005e7885,0
570603c475f01819005e7886,1
5ad0421177cf76001a686f14,1
5ad0421177cf76001a686f15,0
5ad0421177cf76001a686f16,1
5ad0421177cf76001a686f17,1
5706074552bb8914006897d4,1
5706074552bb8914006897d5,1
5706074552bb8914006897d6,1
5706074552bb8914006897d7,1
5706074552bb8914006897d8,1
5ad042cf77cf76001a686f24,1
5ad042cf77cf76001a686f25,1
5ad042cf77cf76001a686f26,1
5ad042cf77cf76001a686f27,1
5ad042cf77cf76001a686f28,1
570607f575f01819005e78b4,1
570607f575f01819005e78b5,0
570607f575f01819005e78b6,1
570607f575f01819005e78b7,1
570607f575f01819005e78b8,1
5ad0440877cf76001a686f3e,1
5ad0440877cf76001a686f3f,1
5ad0440877cf76001a686f40,1
5ad0440877cf76001a686f41,1
5ad0440877cf76001a686f42,1
5706094b52bb8914006897de,1
5706094b52bb8914006897df,1
5706094b52bb8914006897e0,1
5706094b52bb8914006897e1,1
5706094b52bb8914006897e2,1
5ad044f077cf76001a686f58,1
5ad044f077cf76001a686f59,1
5ad044f077cf76001a686f5a,0
5ad044f077cf76001a686f5b,1
57060a1175f01819005e78d2,1
57060a1175f01819005e78d3,0
57060a1175f01819005e78d4,1
57060a1175f01819005e78d5,1
57060a1175f01819005e78d6,0
5ad0458b77cf76001a686f72,1
5ad0458b77cf76001a686f73,1
5ad0458b77cf76001a686f74,1
5ad0458b77cf76001a686f75,1
57060a6e52bb8914006897f8,1
57060a6e52bb8914006897f9,1
57060a6e52bb8914006897fa,0
5ad0461477cf76001a686f7a,1
5ad0461477cf76001a686f7b,1
5ad0461477cf76001a686f7c,1
57060cc352bb89140068980e,1
57060cc352bb89140068980f,0
57060cc352bb891400689810,1
57060cc352bb891400689811,1
5ad0470477cf76001a686f80,0
5ad0470477cf76001a686f81,0
5ad0470477cf76001a686f82,0
57060df252bb891400689820,0
57060df252bb891400689821,1
57060df252bb891400689822,1
5ad0475c77cf76001a686f86,0
5ad0475c77cf76001a686f87,1
57060eaf75f01819005e7910,1
57060eaf75f01819005e7911,1
57060eaf75f01819005e7912,1
57060eaf75f01819005e7913,0
57060eaf75f01819005e7914,1
5ad0483977cf76001a686f8a,0
5ad0483977cf76001a686f8b,0
5ad0483977cf76001a686f8c,1
5ad0483977cf76001a686f8d,0
57060f3e75f01819005e7922,1
57060f3e75f01819005e7923,1
57060f3e75f01819005e7924,1
57060f3e75f01819005e7925,1
5ad04b2377cf76001a686f92,1
5ad04b2377cf76001a686f93,1
5ad04b2377cf76001a686f94,1
570610b275f01819005e792a,1
570610b275f01819005e792b,1
570610b275f01819005e792c,0
570610b275f01819005e792d,1
570610b275f01819005e792e,1
5ad04bfc77cf76001a686f98,1
5ad04bfc77cf76001a686f99,0
5ad04bfc77cf76001a686f9a,0
5ad04bfc77cf76001a686f9b,0
5706111a52bb89140068984c,1
5706111a52bb89140068984d,1
5706111a52bb89140068984e,1
5706111a52bb89140068984f,0
5ad04d3077cf76001a686fa0,1
5ad04d3077cf76001a686fa1,0
5ad04d3077cf76001a686fa2,0
570611c475f01819005e793c,1
570611c475f01819005e793d,0
570611c475f01819005e793e,1
5ad04de377cf76001a686fa6,1
5ad04de377cf76001a686fa7,0
5ad04de377cf76001a686fa8,0
5ad04de377cf76001a686fa9,0
5706139252bb891400689864,1
5706139252bb891400689865,0
5706139252bb891400689866,1
5706139252bb891400689867,1
5706139252bb891400689868,1
5ad04ecf77cf76001a686fae,0
5ad04ecf77cf76001a686faf,0
5ad04ecf77cf76001a686fb0,0
5ad04ecf77cf76001a686fb1,1
5ad04ecf77cf76001a686fb2,1
5706143575f01819005e7950,1
5706143575f01819005e7951,1
5706143575f01819005e7952,1
5706143575f01819005e7953,1
5706143575f01819005e7954,1
5ad04f7977cf76001a686fb8,1
5ad04f7977cf76001a686fb9,1
5ad04f7977cf76001a686fba,1
5ad04f7977cf76001a686fbb,0
5ad04f7977cf76001a686fbc,0
5706149552bb891400689880,1
5706149552bb891400689881,1
5706149552bb891400689882,1
5706149552bb891400689883,1
5706149552bb891400689884,1
5ad050c877cf76001a686fc2,0
5ad050c877cf76001a686fc3,0
5ad050c877cf76001a686fc4,1
5ad050c877cf76001a686fc5,0
570614ff52bb89140068988a,1
570614ff52bb89140068988b,1
570614ff52bb89140068988c,0
570614ff52bb89140068988d,1
570614ff52bb89140068988e,0
5ad0511577cf76001a686fca,1
5ad0511577cf76001a686fcb,1
5ad0511577cf76001a686fcc,1
5706155352bb891400689894,1
5706155352bb891400689895,1
5706155352bb891400689896,1
5ad051be77cf76001a686fd0,1
57105da9a58dae1900cd699e,1
57105da9a58dae1900cd699f,0
57105da9a58dae1900cd69a0,1
57105da9a58dae1900cd69a1,1
57105da9a58dae1900cd69a2,1
5ad23fded7d075001a4288fc,1
5ad23fded7d075001a4288fd,1
5ad23fded7d075001a4288fe,1
5ad23fded7d075001a4288ff,1
5ad23fded7d075001a428900,1
57106185b654c5140001f8db,0
57106185b654c5140001f8dc,1
57106185b654c5140001f8dd,1
57106185b654c5140001f8de,1
57106185b654c5140001f8df,1
5ad241c7d7d075001a428978,1
5ad241c7d7d075001a428979,0
5ad241c7d7d075001a42897a,1
5ad241c7d7d075001a42897b,1
5ad241c7d7d075001a42897c,1
57106644b654c5140001f8e5,1
57106644b654c5140001f8e6,1
57106644b654c5140001f8e7,1
57106644b654c5140001f8e8,1
57106644b654c5140001f8e9,1
5ad243abd7d075001a428a10,1
5ad243abd7d075001a428a11,0
5ad243abd7d075001a428a12,1
5ad243abd7d075001a428a13,1
5ad243abd7d075001a428a14,1
57106d2fb654c5140001f8ef,1
57106d2fb654c5140001f8f0,1
57106d2fb654c5140001f8f1,1
57106d2fb654c5140001f8f2,1
57106d2fb654c5140001f8f3,0
5ad24a2ad7d075001a428bb8,0
5ad24a2ad7d075001a428bb9,1
5ad24a2ad7d075001a428bba,1
5ad24a2ad7d075001a428bbb,0
5ad24a2ad7d075001a428bbc,1
571077ecb654c5140001f909,1
571077ecb654c5140001f90a,1
571077ecb654c5140001f90b,1
571077ecb654c5140001f90c,1
571077ecb654c5140001f90d,1
5ad25b9ed7d075001a428e6e,1
5ad25b9ed7d075001a428e6f,0
5ad25b9ed7d075001a428e70,1
5ad25b9ed7d075001a428e71,1
5ad25b9ed7d075001a428e72,1
57107932a58dae1900cd69ca,1
57107932a58dae1900cd69cb,1
57107932a58dae1900cd69cc,0
57107932a58dae1900cd69cd,1
57107932a58dae1900cd69ce,0
5ad25e99d7d075001a428f2e,1
5ad25e99d7d075001a428f2f,1
5ad25e99d7d075001a428f30,1
5ad25e99d7d075001a428f31,0
5ad25e99d7d075001a428f32,1
57107a3ea58dae1900cd69de,1
57107a3ea58dae1900cd69df,0
57107a3ea58dae1900cd69e0,1
57107a3ea58dae1900cd69e1,1
57107a3ea58dae1900cd69e2,1
5ad263d9d7d075001a429122,1
5ad263d9d7d075001a429123,1
5ad263d9d7d075001a429124,0
5ad263d9d7d075001a429125,1
5ad263d9d7d075001a429126,1
57107c24a58dae1900cd69e8,1
57107c24a58dae1900cd69e9,1
57107c24a58dae1900cd69ea,1
57107c24a58dae1900cd69eb,1
57107c24a58dae1900cd69ec,1
5ad267dbd7d075001a42923e,1
5ad267dbd7d075001a42923f,0
5ad267dbd7d075001a429240,1
5ad267dbd7d075001a429241,1
57107d73b654c5140001f91d,1
57107d73b654c5140001f91e,1
57107d73b654c5140001f91f,0
57107d73b654c5140001f920,1
5ad24056d7d075001a42892c,1
5ad24057d7d075001a42892e,1
5ad24057d7d075001a42892f,1
5ad24057d7d075001a428930,1
57107e6ca58dae1900cd69f2,1
57107e6ca58dae1900cd69f3,0
57107e6ca58dae1900cd69f4,1
57107e6ca58dae1900cd69f5,0
57107e6ca58dae1900cd69f6,0
5ad2454cd7d075001a428a92,0
5ad2454cd7d075001a428a93,1
5ad2454cd7d075001a428a94,1
5ad2454cd7d075001a428a95,1
57108073b654c5140001f925,1
57108073b654c5140001f926,1
57108073b654c5140001f927,1
57108073b654c5140001f928,0
57108073b654c5140001f929,1
5ad24b60d7d075001a428be4,1
5ad24b60d7d075001a428be5,1
5ad24b60d7d075001a428be6,0
5ad24b60d7d075001a428be7,1
5ad24b60d7d075001a428be8,1
57108198b654c5140001f937,1
57108198b654c5140001f938,1
57108198b654c5140001f939,1
57108198b654c5140001f93a,1
57108198b654c5140001f93b,0
5ad25878d7d075001a428dc6,1
5ad25878d7d075001a428dc7,1
5ad25878d7d075001a428dc8,1
5ad25878d7d075001a428dc9,1
5ad25878d7d075001a428dca,1
57108c95b654c5140001f979,1
57108c95b654c5140001f97a,1
57108c95b654c5140001f97b,0
57108c95b654c5140001f97c,0
57108c95b654c5140001f97d,1
5ad25f29d7d075001a428f60,0
5ad25f29d7d075001a428f61,0
5ad25f29d7d075001a428f62,1
5ad25f29d7d075001a428f63,1
5ad25f29d7d075001a428f64,1
57108d69b654c5140001f983,1
57108d69b654c5140001f984,1
57108d69b654c5140001f985,0
57108d69b654c5140001f986,1
57108d69b654c5140001f987,0
5ad268cbd7d075001a429292,1
5ad268cbd7d075001a429293,1
5ad268cbd7d075001a429294,1
5ad268cbd7d075001a429295,0
5ad268cbd7d075001a429296,1
57108ee6a58dae1900cd6a1a,0
57108ee6a58dae1900cd6a1b,1
57108ee6a58dae1900cd6a1c,0
57108ee6a58dae1900cd6a1d,1
57108ee6a58dae1900cd6a1e,1
5ad24319d7d075001a4289cc,1
5ad24319d7d075001a4289cd,1
5ad24319d7d075001a4289ce,1
5ad24319d7d075001a4289cf,1
5ad24319d7d075001a4289d0,1
571090abb654c5140001f995,1
571090abb654c5140001f996,1
571090abb654c5140001f997,1
571090abb654c5140001f998,1
571090abb654c5140001f999,1
5ad26c87d7d075001a429398,0
5ad26c87d7d075001a429399,0
5ad26c87d7d075001a42939a,0
5ad26c87d7d075001a42939b,1
5ad26c87d7d075001a42939c,0
57109180a58dae1900cd6a40,1
57109180a58dae1900cd6a41,1
57109180a58dae1900cd6a42,1
57109180a58dae1900cd6a43,1
57109180a58dae1900cd6a44,1
5ad27081d7d075001a429454,1
5ad27081d7d075001a429455,1
5ad27081d7d075001a429456,1
5ad27081d7d075001a429457,1
5ad27081d7d075001a429458,1
57109275b654c5140001f99f,1
57109275b654c5140001f9a0,1
57109275b654c5140001f9a1,1
57109275b654c5140001f9a2,1
57109275b654c5140001f9a3,1
5ad27473d7d075001a4294e8,1
5ad27473d7d075001a4294e9,1
5ad27473d7d075001a4294ea,1
5ad27473d7d075001a4294eb,1
571093aba58dae1900cd6a5c,1
571093aba58dae1900cd6a5d,1
571093aba58dae1900cd6a5e,0
571093aba58dae1900cd6a5f,1
571093aba58dae1900cd6a60,1
5ad248f7d7d075001a428b8c,1
5ad248f7d7d075001a428b8d,0
5ad248f7d7d075001a428b8e,1
5ad248f7d7d075001a428b8f,1
571094b7a58dae1900cd6a66,1
571094b7a58dae1900cd6a67,1
571094b7a58dae1900cd6a68,1
571094b7a58dae1900cd6a69,1
571094b7a58dae1900cd6a6a,1
5ad24e85d7d075001a428c4e,1
5ad24e85d7d075001a428c4f,0
5ad24e85d7d075001a428c50,1
5ad24e85d7d075001a428c51,1
5ad24e85d7d075001a428c52,1
571095a8a58dae1900cd6a76,1
571095a8a58dae1900cd6a77,1
571095a8a58dae1900cd6a78,1
571095a8a58dae1900cd6a79,1
571095a8a58dae1900cd6a7a,1
5ad25963d7d075001a428e0c,0
5ad25963d7d075001a428e0d,1
5ad25963d7d075001a428e0e,1
5ad25963d7d075001a428e0f,1
5710968aa58dae1900cd6a86,1
5710968aa58dae1900cd6a87,1
5710968aa58dae1900cd6a88,1
5710968aa58dae1900cd6a89,1
5ad25c69d7d075001a428ea4,0
5ad25c69d7d075001a428ea5,1
5ad25c69d7d075001a428ea6,1
5ad25c69d7d075001a428ea7,1
571097baa58dae1900cd6a98,1
571097baa58dae1900cd6a99,1
571097baa58dae1900cd6a9a,1
571097baa58dae1900cd6a9b,1
571097baa58dae1900cd6a9c,1
5ad26586d7d075001a4291b2,1
5ad26586d7d075001a4291b3,1
5ad26586d7d075001a4291b4,1
5ad26586d7d075001a4291b5,1
5ad26586d7d075001a4291b6,1
571098f8a58dae1900cd6ab2,1
571098f8a58dae1900cd6ab3,1
571098f8a58dae1900cd6ab4,1
571098f8a58dae1900cd6ab5,1
5ad26e85d7d075001a4293f2,1
5ad26e85d7d075001a4293f3,1
5ad26e85d7d075001a4293f4,1
5ad26e85d7d075001a4293f5,1
571099b2b654c5140001f9b3,1
571099b2b654c5140001f9b4,1
571099b2b654c5140001f9b5,0
571099b2b654c5140001f9b6,1
571099b2b654c5140001f9b7,0
5ad27294d7d075001a42949a,1
5ad27294d7d075001a42949b,1
5ad27294d7d075001a42949c,1
5ad27294d7d075001a42949d,1
5ad27294d7d075001a42949e,1
5710e8c8a58dae1900cd6b26,0
5710e8c8a58dae1900cd6b27,0
5710e8c8a58dae1900cd6b28,1
5710e8c8a58dae1900cd6b29,1
5710e8c8a58dae1900cd6b2a,1
5ad24f27d7d075001a428c88,1
5ad24f27d7d075001a428c89,1
5ad24f27d7d075001a428c8a,1
5ad24f27d7d075001a428c8b,1
5ad24f27d7d075001a428c8c,1
5710e9f8a58dae1900cd6b30,0
5710e9f8a58dae1900cd6b31,1
5710e9f8a58dae1900cd6b32,1
5710e9f8a58dae1900cd6b33,0
5710e9f8a58dae1900cd6b34,0
5ad25aa1d7d075001a428e40,1
5ad25aa1d7d075001a428e41,1
5ad25aa1d7d075001a428e42,1
5ad25aa1d7d075001a428e43,0
5710eb6fb654c5140001fa17,1
5710eb6fb654c5140001fa18,1
5710eb6fb654c5140001fa19,1
5710eb6fb654c5140001fa1a,1
5710eb6fb654c5140001fa1b,1
5ad25d49d7d075001a428eec,1
5ad25d49d7d075001a428eed,1
5ad25d49d7d075001a428eee,1
5ad25d49d7d075001a428eef,1
5ad25d49d7d075001a428ef0,0
5710eca0a58dae1900cd6b3a,1
5710eca0a58dae1900cd6b3b,1
5710eca0a58dae1900cd6b3c,0
5710eca0a58dae1900cd6b3d,1
5710eca0a58dae1900cd6b3e,0
5ad26278d7d075001a4290ac,1
5ad26278d7d075001a4290ad,1
5ad26278d7d075001a4290ae,0
5ad26278d7d075001a4290af,1
5ad26278d7d075001a4290b0,1
5710ed7bb654c5140001fa2b,1
5710ed7bb654c5140001fa2c,0
5710ed7bb654c5140001fa2d,1
5710ed7bb654c5140001fa2e,1
5710ed7bb654c5140001fa2f,1
5ad266f8d7d075001a429206,1
5ad266f8d7d075001a429207,0
5ad266f8d7d075001a429208,1
5ad266f8d7d075001a429209,1
5ad266f8d7d075001a42920a,0
5710f114a58dae1900cd6b60,0
5710f114a58dae1900cd6b61,1
5710f114a58dae1900cd6b62,1
5710f114a58dae1900cd6b63,1
5710f114a58dae1900cd6b64,0
5ad26ba1d7d075001a429358,1
5ad26ba1d7d075001a429359,0
5ad26ba1d7d075001a42935a,0
5ad26ba1d7d075001a42935b,1
5ad26ba1d7d075001a42935c,1
5710f2e2a58dae1900cd6b72,1
5710f2e2a58dae1900cd6b73,1
5710f2e2a58dae1900cd6b74,1
5710f2e2a58dae1900cd6b75,1
5710f2e2a58dae1900cd6b76,1
5ad26f6ed7d075001a429422,1
5ad26f6ed7d075001a429423,0
5ad26f6ed7d075001a429424,0
5ad26f6ed7d075001a429425,0
5ad26f6ed7d075001a429426,1
5710f4b8b654c5140001fa45,1
5710f4b8b654c5140001fa46,1
5710f4b8b654c5140001fa47,1
5710f4b8b654c5140001fa48,1
5710f4b8b654c5140001fa49,1
5ad273b5d7d075001a4294b8,1
5ad273b5d7d075001a4294b9,1
5ad273b5d7d075001a4294ba,1
5ad273b5d7d075001a4294bb,0
5711119cb654c5140001fae3,1
5711119cb654c5140001fae4,1
5711119cb654c5140001fae5,1
5711119cb654c5140001fae6,1
5711119cb654c5140001fae7,1
5ad240eed7d075001a428940,0
5ad240eed7d075001a428941,1
5ad240eed7d075001a428942,0
5ad240eed7d075001a428943,1
5ad240eed7d075001a428944,1
571112ada58dae1900cd6bcc,1
571112ada58dae1900cd6bcd,1
571112ada58dae1900cd6bce,1
571112ada58dae1900cd6bcf,1
571112ada58dae1900cd6bd0,0
5ad2424cd7d075001a42898a,1
5ad2424cd7d075001a42898b,1
5ad2424cd7d075001a42898c,1
5ad2424cd7d075001a42898d,1
57111380a58dae1900cd6bd6,1
57111380a58dae1900cd6bd7,1
57111380a58dae1900cd6bd8,1
57111380a58dae1900cd6bd9,1
57111380a58dae1900cd6bda,1
5ad2447dd7d075001a428a68,1
5ad2447dd7d075001a428a69,1
5ad2447dd7d075001a428a6a,1
5ad2447dd7d075001a428a6b,1
5ad2447dd7d075001a428a6c,1
57111428b654c5140001faff,1
57111428b654c5140001fb00,1
57111428b654c5140001fb01,0
57111428b654c5140001fb02,1
57111429b654c5140001fb03,0
5ad24600d7d075001a428ac8,1
5ad24600d7d075001a428ac9,1
5ad24600d7d075001a428aca,1
5ad24600d7d075001a428acb,1
5ad24600d7d075001a428acc,1
571114cfb654c5140001fb09,1
571114cfb654c5140001fb0a,1
571114cfb654c5140001fb0b,0
571114cfb654c5140001fb0c,1
571114cfb654c5140001fb0d,1
5ad24d2ad7d075001a428c1e,1
5ad24d2ad7d075001a428c1f,1
5ad24d2ad7d075001a428c20,0
5ad24d2ad7d075001a428c21,1
5ad24d2ad7d075001a428c22,1
5711163bb654c5140001fb13,1
5711163bb654c5140001fb14,1
5711163bb654c5140001fb15,1
5711163bb654c5140001fb16,1
5711163bb654c5140001fb17,1
5ad2615ed7d075001a429018,1
5ad2615ed7d075001a429019,0
5ad2615ed7d075001a42901a,0
5ad2615ed7d075001a42901b,1
5ad2615ed7d075001a42901c,1
57111713a58dae1900cd6c00,0
57111713a58dae1900cd6c01,0
57111713a58dae1900cd6c02,1
57111713a58dae1900cd6c03,1
57111713a58dae1900cd6c04,1
5ad264d7d7d075001a429174,1
5ad264d7d7d075001a429175,1
5ad264d7d7d075001a429176,1
5ad264d7d7d075001a429177,0
571117d4a58dae1900cd6c0a,1
571117d4a58dae1900cd6c0b,1
571117d4a58dae1900cd6c0c,1
571117d4a58dae1900cd6c0d,1
571117d4a58dae1900cd6c0e,0
5ad26acad7d075001a42932a,1
5ad26acad7d075001a42932b,1
5ad26acad7d075001a42932c,0
5ad26acad7d075001a42932d,0
57111992b654c5140001fb43,1
57111992b654c5140001fb44,1
57111992b654c5140001fb45,1
57111992b654c5140001fb46,1
57111992b654c5140001fb47,1
5ad26dbcd7d075001a4293d4,1
5ad26dbcd7d075001a4293d5,1
5ad26dbcd7d075001a4293d6,1
5ad26dbcd7d075001a4293d7,0
5ad26dbcd7d075001a4293d8,1
57111ab8a58dae1900cd6c3c,1
57111ab8a58dae1900cd6c3d,0
57111ab8a58dae1900cd6c3e,1
57111ab8a58dae1900cd6c3f,1
57111ab8a58dae1900cd6c40,1
5ad271c2d7d075001a429472,1
5ad271c2d7d075001a429473,1
5ad271c2d7d075001a429474,0
5ad271c2d7d075001a429475,0
5ad271c2d7d075001a429476,1
57111b95a58dae1900cd6c50,1
57111b95a58dae1900cd6c51,1
57111b95a58dae1900cd6c52,1
57111b95a58dae1900cd6c53,1
57111b95a58dae1900cd6c54,1
5ad275ccd7d075001a42950e,1
5ad275ccd7d075001a42950f,1
5ad275ccd7d075001a429510,0
5ad275ccd7d075001a429511,0
5ad275ccd7d075001a429512,1
5725b33f6a3fe71400b8952d,1
5725b33f6a3fe71400b8952e,0
5725b33f6a3fe71400b8952f,1
5725b33f6a3fe71400b89530,1
5725b33f6a3fe71400b89531,1
5a38a8d2a4b263001a8c1875,1
5a38a8d2a4b263001a8c1876,1
5a38a8d2a4b263001a8c1877,1
5a38a8d2a4b263001a8c1878,1
5a38a8d2a4b263001a8c1879,0
5a75028897ca42001a521daf,0
5a75028897ca42001a521db0,0
5a75028897ca42001a521db1,0
5a75028897ca42001a521db2,0
5a75028897ca42001a521db3,0
5725b5a689a1e219009abd28,1
5725b5a689a1e219009abd29,0
5725b5a689a1e219009abd2a,1
5725b5a689a1e219009abd2b,1
5a38aa28a4b263001a8c187f,1
5a38aa28a4b263001a8c1880,1
5a38aa28a4b263001a8c1881,1
5a38aa28a4b263001a8c1882,1
5a38aa28a4b263001a8c1883,1
5a7504cb97ca42001a521dc3,0
5a7504cb97ca42001a521dc4,0
5a7504cb97ca42001a521dc5,0
5a7504cb97ca42001a521dc6,0
5a7504cb97ca42001a521dc7,0
5725b76389a1e219009abd4a,1
5725b76389a1e219009abd4b,1
5725b76389a1e219009abd4c,0
5725b76389a1e219009abd4d,1
5725b76389a1e219009abd4e,0
5a38ab9fa4b263001a8c1889,1
5a38ab9fa4b263001a8c188a,1
5a38ab9fa4b263001a8c188b,0
5a38ab9fa4b263001a8c188c,1
5a38ab9fa4b263001a8c188d,1
5a75054b97ca42001a521dcd,0
5a75054b97ca42001a521dce,0
5a75054b97ca42001a521dcf,0
5a75054b97ca42001a521dd0,0
5a75054b97ca42001a521dd1,0
5725b92e38643c19005acbd3,1
5725b92e38643c19005acbd4,0
5725b92e38643c19005acbd5,1
5725b92e38643c19005acbd6,1
5a38ace7a4b263001a8c1893,1
5a38ace7a4b263001a8c1894,1
5a38ace7a4b263001a8c1895,1
5a38ace7a4b263001a8c1896,1
5a38ace7a4b263001a8c1897,1
5a7505e497ca42001a521de1,0
5a7505e497ca42001a521de2,1
5a7505e497ca42001a521de3,0
5a7505e497ca42001a521de4,0
5725bad5271a42140099d0bd,1
5725bad5271a42140099d0be,1
5725bad5271a42140099d0bf,0
5725bad5271a42140099d0c0,1
5725bad5271a42140099d0c1,0
5a38b07ca4b263001a8c189d,1
5a38b07ca4b263001a8c189e,1
5a38b07ca4b263001a8c189f,1
5a38b07ca4b263001a8c18a0,1
5a38b07ca4b263001a8c18a1,1
5a75066297ca42001a521de9,0
5a75066297ca42001a521dea,0
5a75066297ca42001a521deb,0
5a75066297ca42001a521dec,0
5a75066297ca42001a521ded,0
5725bcb6271a42140099d0eb,1
5725bcb6271a42140099d0ec,1
5725bcb6271a42140099d0ed,0
5725bcb6271a42140099d0ee,1
5725bcb6271a42140099d0ef,0
5a38b29da4b263001a8c18a7,1
5a38b29da4b263001a8c18a8,1
5a38b29da4b263001a8c18a9,1
5a38b29da4b263001a8c18aa,1
5a38b29da4b263001a8c18ab,1
5a75082a97ca42001a521df3,0
5a75082a97ca42001a521df4,0
5a75082a97ca42001a521df5,0
5a75082a97ca42001a521df6,0
5a75082a97ca42001a521df7,0
57261dab38643c19005ad037,1
57261dab38643c19005ad038,1
57261dab38643c19005ad039,1
57261dab38643c19005ad03a,1
57261dab38643c19005ad03b,1
5a38b468a4b263001a8c18b1,1
5a38b468a4b263001a8c18b2,1
5a38b468a4b263001a8c18b3,1
5a38b468a4b263001a8c18b4,1
5a38b468a4b263001a8c18b5,1
57261f9f271a42140099d4a9,0
57261f9f271a42140099d4aa,1
57261f9f271a42140099d4ab,1
57261f9f271a42140099d4ac,0
5a38b5bca4b263001a8c18bb,1
5a38b5bca4b263001a8c18bc,1
5a38b5bca4b263001a8c18bd,1
5a38b5bca4b263001a8c18be,1
5a38b5bca4b263001a8c18bf,1
5726241189a1e219009ac2de,1
5726241189a1e219009ac2df,1
5726241189a1e219009ac2e0,1
5726241189a1e219009ac2e1,1
5726241189a1e219009ac2e2,1
5a38b819a4b263001a8c18c5,1
5a38b819a4b263001a8c18c6,1
5a38b819a4b263001a8c18c7,1
5a38b819a4b263001a8c18c8,1
5a38b819a4b263001a8c18c9,0
5726487b5951b619008f6edd,1
5726487b5951b619008f6ede,0
5726487b5951b619008f6edf,1
5726487b5951b619008f6ee0,0
5726487b5951b619008f6ee1,0
5a38b9b3a4b263001a8c18cf,1
5a38b9b3a4b263001a8c18d0,1
5a38b9b3a4b263001a8c18d1,1
5a38b9b3a4b263001a8c18d2,1
5a38b9b3a4b263001a8c18d3,1
572649d8f1498d1400e8db36,1
572649d8f1498d1400e8db37,1
572649d8f1498d1400e8db38,1
572649d8f1498d1400e8db39,1
572649d8f1498d1400e8db3a,0
5a38baa2a4b263001a8c18d9,0
5a38baa2a4b263001a8c18da,1
5a38baa2a4b263001a8c18db,1
5a38baa2a4b263001a8c18dc,1
5a38baa2a4b263001a8c18dd,1
57264cac708984140094c1b3,1
57264cac708984140094c1b4,1
57264cac708984140094c1b5,0
57264cac708984140094c1b7,1
5a38bbe3a4b263001a8c18e3,1
5a38bbe3a4b263001a8c18e4,1
5a38bbe3a4b263001a8c18e5,0
5a38bbe3a4b263001a8c18e6,1
5a38bbe3a4b263001a8c18e7,1
57264d9edd62a815002e80fe,1
57264d9edd62a815002e80ff,0
57264d9edd62a815002e8100,1
57264d9edd62a815002e8101,1
5a38bd58a4b263001a8c18ed,1
5a38bd58a4b263001a8c18ee,1
5a38bd58a4b263001a8c18ef,1
5a38bd58a4b263001a8c18f0,1
5a38bd58a4b263001a8c18f1,0
57264efddd62a815002e8134,1
57264efddd62a815002e8135,1
57264efddd62a815002e8136,0
57264efddd62a815002e8137,1
57264efddd62a815002e8138,1
5a38bf63a4b263001a8c18f7,1
5a38bf63a4b263001a8c18f8,1
5a38bf63a4b263001a8c18f9,1
5a38bf63a4b263001a8c18fa,1
5a38bf63a4b263001a8c18fb,1
572650325951b619008f6fa9,1
572650325951b619008f6faa,1
572650325951b619008f6fab,1
5a38c16aa4b263001a8c1901,1
5a38c16aa4b263001a8c1902,1
5a38c16aa4b263001a8c1903,1
5a38c16aa4b263001a8c1904,1
5a38c16aa4b263001a8c1905,1
57265200708984140094c237,1
57265200708984140094c238,1
57265200708984140094c239,1
57265200708984140094c23a,1
5a38c34ea4b263001a8c190b,1
5a38c34ea4b263001a8c190c,1
5a38c34ea4b263001a8c190d,1
5a38c34ea4b263001a8c190e,1
5a38c34ea4b263001a8c190f,1
57265360dd62a815002e819a,1
57265360dd62a815002e819b,1
57265360dd62a815002e819c,0
57265360dd62a815002e819d,0
57265360dd62a815002e819e,1
5a38c6bca4b263001a8c1915,1
5a38c6bca4b263001a8c1916,1
5a38c6bca4b263001a8c1917,1
5a38c6bca4b263001a8c1918,1
5a38c6bca4b263001a8c1919,0
57265526708984140094c2bd,1
57265526708984140094c2be,1
57265526708984140094c2bf,0
57265526708984140094c2c0,0
57265526708984140094c2c1,1
5a38c911a4b263001a8c191f,1
5a38c911a4b263001a8c1920,1
5a38c911a4b263001a8c1921,1
5a38c911a4b263001a8c1922,1
5a38c911a4b263001a8c1923,1
5726581fdd62a815002e823a,1
5726581fdd62a815002e823b,1
5726581fdd62a815002e823c,1
5726581fdd62a815002e823d,1
5a38cd93a4b263001a8c1929,1
5a38cd93a4b263001a8c192a,1
5a38cd93a4b263001a8c192b,1
5a38cd93a4b263001a8c192c,0
5a38cd93a4b263001a8c192d,1
572659535951b619008f703f,1
572659535951b619008f7040,1
572659535951b619008f7041,1
572659535951b619008f7042,1
5a38ceaaa4b263001a8c1933,1
5a38ceaaa4b263001a8c1934,1
5a38ceaaa4b263001a8c1935,1
5a38ceaaa4b263001a8c1936,1
5a38ceaaa4b263001a8c1937,1
57265a58dd62a815002e8270,1
57265a58dd62a815002e8271,1
57265a58dd62a815002e8272,0
57265a58dd62a815002e8273,1
5a38d2f9a4b263001a8c193d,1
5a38d2f9a4b263001a8c193e,1
5a38d2f9a4b263001a8c193f,1
5a38d2f9a4b263001a8c1940,1
5a38d2f9a4b263001a8c1941,0
57265bdfdd62a815002e829e,1
57265bdfdd62a815002e829f,1
57265bdfdd62a815002e82a0,1
57265bdfdd62a815002e82a1,1
57265bdfdd62a815002e82a2,1
5a38d4b9a4b263001a8c1947,0
5a38d4b9a4b263001a8c1948,1
5a38d4b9a4b263001a8c1949,1
5a38d4b9a4b263001a8c194a,1
5a38d4b9a4b263001a8c194b,1
57265ceddd62a815002e82b8,1
57265ceddd62a815002e82b9,1
57265ceddd62a815002e82ba,1
5a38d6e6a4b263001a8c1951,1
5a38d6e6a4b263001a8c1952,0
5a38d6e6a4b263001a8c1953,1
5a38d6e6a4b263001a8c1954,1
5a38d6e6a4b263001a8c1955,1
57265e11708984140094c3bb,1
57265e11708984140094c3bc,0
57265e11708984140094c3bd,1
57265e11708984140094c3be,1
5a38d93da4b263001a8c195b,1
5a38d93da4b263001a8c195c,1
5a38d93da4b263001a8c195d,0
5a38d93da4b263001a8c195e,1
5a38d93da4b263001a8c195f,1
57271c235951b619008f860b,1
57271c235951b619008f860c,1
57271c235951b619008f860d,1
57271c235951b619008f860e,1
57271c235951b619008f860f,1
5728d4c03acd2414000dff9f,1
5728d4c03acd2414000dffa0,1
5728d4c03acd2414000dffa1,0
5728d4c03acd2414000dffa2,1
5728d4c03acd2414000dffa3,0
5a66413dc2b11c001a425ec7,1
5a66413dc2b11c001a425ec8,1
5a66413dc2b11c001a425ec9,1
5a66413dc2b11c001a425eca,1
5a66413dc2b11c001a425ecb,0
57271f125951b619008f8635,1
57271f125951b619008f8636,1
57271f125951b619008f8637,1
57271f125951b619008f8638,1
57271f125951b619008f8639,1
5728d5793acd2414000dffb3,1
5728d5793acd2414000dffb4,1
5728d5793acd2414000dffb5,0
5728d5793acd2414000dffb6,0
5728d5793acd2414000dffb7,0
5a664314c2b11c001a425ed9,1
5a664314c2b11c001a425eda,1
5a664314c2b11c001a425edb,1
5a664314c2b11c001a425edc,1
5a664314c2b11c001a425edd,1
5727213c708984140094da35,0
5727213c708984140094da36,1
5727213c708984140094da37,1
5727213c708984140094da38,1
5727213c708984140094da39,1
5728d63c4b864d1900164f18,0
5728d63c4b864d1900164f19,0
5728d63c4b864d1900164f1a,0
5728d63c4b864d1900164f1b,0
5728d63c4b864d1900164f1c,0
5a664447c2b11c001a425eeb,1
5a664447c2b11c001a425eec,1
5a664447c2b11c001a425eed,1
5a664447c2b11c001a425eee,1
5a664447c2b11c001a425eef,1
572726c9708984140094da7b,1
572726c9708984140094da7c,1
572726c9708984140094da7d,1
572726c9708984140094da7e,1
5728d6f02ca10214002da90e,1
5728d6f02ca10214002da90f,1
5728d6f02ca10214002da910,1
5728d6f02ca10214002da911,1
5728d6f02ca10214002da912,1
5a664612c2b11c001a425f09,1
5a664612c2b11c001a425f0a,1
5a664612c2b11c001a425f0b,1
5a664612c2b11c001a425f0c,1
5a664612c2b11c001a425f0d,1
572807802ca10214002d9bf8,1
572807802ca10214002d9bf9,1
572807802ca10214002d9bfa,0
572807802ca10214002d9bfb,1
572807802ca10214002d9bfc,0
5728d7c54b864d1900164f4c,1
5728d7c54b864d1900164f4d,0
5728d7c54b864d1900164f4e,0
5728d7c54b864d1900164f4f,0
5728d7c54b864d1900164f50,1
5a6647d2c2b11c001a425f1d,1
5a6647d2c2b11c001a425f1e,1
5a6647d2c2b11c001a425f1f,1
5a6647d2c2b11c001a425f20,1
5a6647d2c2b11c001a425f21,1
57280f974b864d1900164370,0
57280f974b864d1900164371,0
57280f974b864d1900164372,0
57280f974b864d1900164373,0
57280f974b864d1900164374,0
5728d9403acd2414000e001b,1
5728d9403acd2414000e001c,0
5728d9403acd2414000e001d,0
5728d9403acd2414000e001e,0
5728d9403acd2414000e001f,0
5a665002846392001a1e1ab3,1
5a665002846392001a1e1ab4,1
5a665002846392001a1e1ab5,1
5a665002846392001a1e1ab6,1
5a665002846392001a1e1ab7,1
572812e74b864d19001643ce,1
572812e74b864d19001643cf,0
572812e74b864d19001643d0,0
572812e74b864d19001643d1,1
572812e74b864d19001643d2,1
5728dafe3acd2414000e005d,1
5728dafe3acd2414000e005e,1
5728dafe3acd2414000e005f,0
5728dafe3acd2414000e0060,1
5728dafe3acd2414000e0061,1
5a665142846392001a1e1abd,1
5a665142846392001a1e1abe,1
5a665142846392001a1e1abf,1
5a665142846392001a1e1ac0,1
5a665142846392001a1e1ac1,1
5728151b4b864d1900164428,1
5728151b4b864d1900164429,0
5728151b4b864d190016442a,0
5728151b4b864d190016442b,0
5728dc2d3acd2414000e007f,1
5728dc2d3acd2414000e0080,0
5728dc2d3acd2414000e0081,0
5728dc2d3acd2414000e0083,0
5a665338846392001a1e1ac7,0
5a665338846392001a1e1ac8,1
5a665338846392001a1e1ac9,1
5a665338846392001a1e1aca,1
5a665338846392001a1e1acb,1
572818f54b864d190016446c,0
572818f54b864d190016446d,0
572818f54b864d190016446e,0
572818f54b864d190016446f,1
572818f54b864d1900164470,1
5728dddc2ca10214002da9d2,1
5728dddc2ca10214002da9d3,1
5728dddc2ca10214002da9d4,1
5728dddc2ca10214002da9d5,0
5728dddc2ca10214002da9d6,1
5a665549846392001a1e1ad5,1
5a665549846392001a1e1ad6,1
5a665549846392001a1e1ad7,1
5a665549846392001a1e1ad8,1
5a665549846392001a1e1ad9,1
57281c594b864d19001644a2,1
57281c594b864d19001644a3,1
57281c594b864d19001644a4,1
57281c594b864d19001644a5,1
57281c594b864d19001644a6,1
5728df634b864d1900164fe2,0
5728df634b864d1900164fe3,0
5728df634b864d1900164fe4,1
5728df634b864d1900164fe6,0
5a665747846392001a1e1ae9,0
5a665747846392001a1e1aea,1
5a665747846392001a1e1aeb,1
5a665747846392001a1e1aec,1
5a665747846392001a1e1aed,0
5728202c4b864d19001644ec,1
5728202c4b864d19001644ed,1
5728202c4b864d19001644ee,1
5728202c4b864d19001644ef,1
5728202c4b864d19001644f0,0
5728e07e3acd2414000e00e9,0
5728e07e3acd2414000e00ea,1
5728e07e3acd2414000e00eb,0
5728e07e3acd2414000e00ec,0
5728e07e3acd2414000e00ed,1
5a665870846392001a1e1af3,1
5a665870846392001a1e1af4,1
5a665870846392001a1e1af5,1
5a665870846392001a1e1af6,1
5a665870846392001a1e1af7,1
572822233acd2414000df555,0
572822233acd2414000df556,1
572822233acd2414000df557,0
572822233acd2414000df558,1
572822233acd2414000df559,1
5728e3c33acd2414000e0131,1
5728e3c33acd2414000e0132,1
5728e3c33acd2414000e0133,0
5728e3c33acd2414000e0134,0
5728e3c33acd2414000e0135,0
5a6659d3846392001a1e1b0d,1
5a6659d3846392001a1e1b0e,1
5a6659d3846392001a1e1b0f,1
5a6659d3846392001a1e1b10,1
5a6659d3846392001a1e1b11,1
572825a92ca10214002d9efe,1
572825a92ca10214002d9eff,1
572825a92ca10214002d9f00,1
572825a92ca10214002d9f01,1
572825a92ca10214002d9f02,1
5728e5224b864d1900165032,0
5728e5224b864d1900165033,1
5728e5224b864d1900165034,1
5728e5224b864d1900165035,0
5728e5224b864d1900165036,1
5a665b56846392001a1e1b1d,1
5a665b56846392001a1e1b1e,1
5a665b56846392001a1e1b1f,1
5a665b56846392001a1e1b20,1
5a665b56846392001a1e1b21,1
5728284e3acd2414000df5cd,1
5728284e3acd2414000df5ce,1
5728284e3acd2414000df5cf,1
5728284e3acd2414000df5d0,1
5728284e3acd2414000df5d1,1
5728e5f43acd2414000e0171,1
5728e5f43acd2414000e0172,0
5728e5f43acd2414000e0173,1
5728e5f43acd2414000e0174,0
5a666b43846392001a1e1c0f,1
5a666b43846392001a1e1c10,1
5a666b43846392001a1e1c11,1
5a666b43846392001a1e1c12,1
5a666b43846392001a1e1c13,1
57282dfb4b864d1900164668,1
57282dfb4b864d1900164669,1
57282dfb4b864d190016466a,0
57282dfb4b864d190016466b,1
57282dfb4b864d190016466c,1
5728e715ff5b5019007da914,0
5728e715ff5b5019007da916,1
5728e715ff5b5019007da917,1
5728e715ff5b5019007da918,0
5a6681d1f038b7001ab0bf00,1
5a6681d1f038b7001ab0bf01,1
5a6681d1f038b7001ab0bf02,1
5a6681d1f038b7001ab0bf03,1
5a6681d1f038b7001ab0bf04,1
5728e8212ca10214002daa6c,1
5728e8212ca10214002daa6d,0
5728e8212ca10214002daa6e,0
5728e8212ca10214002daa6f,0
5728e8212ca10214002daa70,0
5a6683d5f038b7001ab0bf1e,1
5a6683d5f038b7001ab0bf1f,1
5a6683d5f038b7001ab0bf20,1
5a6683d5f038b7001ab0bf21,1
5a6683d5f038b7001ab0bf22,1
5728eb1a3acd2414000e01c5,0
5728eb1a3acd2414000e01c6,0
5728eb1a3acd2414000e01c7,0
5728eb1a3acd2414000e01c8,1
5728eb1a3acd2414000e01c9,1
5a668632f038b7001ab0bf44,1
5a668632f038b7001ab0bf45,1
5a668632f038b7001ab0bf46,0
5a668632f038b7001ab0bf47,1
5a668632f038b7001ab0bf48,1
5728ebcb3acd2414000e01d9,1
5728ebcb3acd2414000e01da,1
5728ebcb3acd2414000e01db,0
5728ebcb3acd2414000e01dc,1
5728ebcb3acd2414000e01dd,0
5a66893ff038b7001ab0bf74,1
5a66893ff038b7001ab0bf75,1
5a66893ff038b7001ab0bf76,1
5a66893ff038b7001ab0bf77,1
5a66893ff038b7001ab0bf78,1
5728ec6a4b864d19001650aa,1
5728ec6a4b864d19001650ab,0
5728ec6a4b864d19001650ac,1
5728ec6a4b864d19001650ad,1
5728ec6a4b864d19001650ae,1
5a668b33f038b7001ab0bf90,1
5a668b33f038b7001ab0bf91,1
5a668b33f038b7001ab0bf92,1
5a668b33f038b7001ab0bf93,1
5a668b33f038b7001ab0bf94,1
5728ed94ff5b5019007da97c,0
5728ed94ff5b5019007da97d,0
5728ed94ff5b5019007da97e,0
5728ed94ff5b5019007da97f,0
5a668d4ef038b7001ab0bfc0,1
5a668d4ef038b7001ab0bfc1,1
5a668d4ef038b7001ab0bfc2,0
5a668d4ef038b7001ab0bfc3,0
5a668d4ef038b7001ab0bfc4,1
5728eef92ca10214002daab0,1
5728eef92ca10214002daab1,0
5728eef92ca10214002daab2,1
5728eef92ca10214002daab3,0
5728eef92ca10214002daab4,1
5a668ef8f038b7001ab0bfdc,0
5a668ef8f038b7001ab0bfdd,1
5a668ef8f038b7001ab0bfde,1
5a668ef8f038b7001ab0bfdf,1
5a668ef8f038b7001ab0bfe0,0
5728f50baf94a219006a9e55,0
5728f50baf94a219006a9e56,0
5728f50baf94a219006a9e57,0
5728f50baf94a219006a9e58,0
5728f50baf94a219006a9e59,0
5a66938ff038b7001ab0bff8,1
5a66938ff038b7001ab0bff9,1
5a66938ff038b7001ab0bffa,1
5a66938ff038b7001ab0bffb,1
5a66938ff038b7001ab0bffc,0
5728facd4b864d1900165170,0
5728facd4b864d1900165171,0
5728facd4b864d1900165172,0
5728facd4b864d1900165173,0
5728facd4b864d1900165174,0
5a66978af038b7001ab0c028,1
5a66978af038b7001ab0c029,1
5a66978af038b7001ab0c02a,0
5a66978af038b7001ab0c02b,1
5a66978af038b7001ab0c02c,1
5728fb6a1d04691400778ef5,0
5728fb6a1d04691400778ef6,1
5728fb6a1d04691400778ef7,1
5728fb6a1d04691400778ef8,0
5728fb6a1d04691400778ef9,0
5a669ee5f038b7001ab0c068,1
5a669ee5f038b7001ab0c069,1
5a669ee5f038b7001ab0c06a,1
5a669ee5f038b7001ab0c06b,1
5a669ee5f038b7001ab0c06c,1
5728fc9e1d04691400778f11,1
5728fc9e1d04691400778f12,1
5728fc9e1d04691400778f13,1
5728fc9e1d04691400778f14,1
5728fc9e1d04691400778f15,0
5a66a156f038b7001ab0c072,0
5a66a156f038b7001ab0c073,1
5a66a156f038b7001ab0c074,0
5a66a156f038b7001ab0c075,1
5a66a156f038b7001ab0c076,0
5728fd3c3f37b31900477f2b,1
5728fd3c3f37b31900477f2d,0
5728fd3c3f37b31900477f2e,0
5728fd3c3f37b31900477f2f,0
5a66a55af038b7001ab0c07c,1
5a66a55af038b7001ab0c07d,1
5a66a55af038b7001ab0c07e,1
5a66a55af038b7001ab0c07f,1
5a66a55af038b7001ab0c080,1